{
  "display": {
    "title": "Health Indications",
    "description": "Adds Healthbars, Extra Bossbars, Damage Indications, and Gore Particles into the game.",
    "icon": {
      "item": "minecraft:player_head",
      "nbt": "{SkullOwner:{Id:[I;1011287688,1503151446,-1459154951,1625979352],Properties:{textures:[{Value:\"eyJ0ZXh0dXJlcyI6eyJTS0lOIjp7InVybCI6Imh0dHA6Ly90ZXh0dXJlcy5taW5lY3JhZnQubmV0L3RleHR1cmUvZjEyNjZiNzQ4MjQyMTE1YjMwMzcwOGQ1OWNlOWQ1NTIzYjdkNzljMTNmNmRiNGViYzkxZGQ0NzIwOWViNzU5YyJ9fX0=\"}]}}}"
    },
    "background": "minecraft:textures/block/black_concrete_powder.png",
    "show_toast": false,
    "announce_to_chat": false
  },
  "parent": "global:danmizu",
  "criteria": {
    "trigger": {
      "trigger": "minecraft:tick"
    }
  }
}